{
  "rollWidget": {
    "origin": "BOTTOM",
    "offset": {
      "f_82470_": 107.33333,
      "f_82471_": -10.666756
    }
  }
}